Id,FirstName,LastName,RegionsId,Gender
1,LUCIA,BURCH,57,F
2,ASHLEY,WAGONER,12,M
3,FORREST,WILEY,54,M
4,DEAN,CANNON,9,M
5,LESLIE,PAGE,36,M
6,FANNIE,CRONAUER,67,F
7,LENORE,PEREZ,25,F
8,MIKE,LARA,30,M
9,HECTOR,MONTOYA,33,M
10,EZRA,FARROW,37,M
11,DELBERT,SANTOS,78,M
12,GUADALUPE,TUCKER,48,M
13,ARMAND,BURKS,20,M
14,LISA,CHASTAIN,11,F
15,ANGEL,PRINCE,67,F
16,GARTH,MARRERO,58,M
17,ERIK,GOODWIN,72,M
18,DARRIN,CHAN,15,M
19,ROSINA,KEATING,39,F
20,SERENA,VELASQUEZ,72,F
21,OMAR,ESCHBERGER,54,M
22,ISAIAS,XIONG,25,M
23,CHAROLETTE,CORRIO,46,F
24,LOREN,MASON,35,M
25,DAVINA,SHARPE,70,F
26,EMANUEL,LITTLEFIELD,1,M
27,ADAM,LOWERY,15,M
28,SUNG,MCLAUGHLIN,47,M
29,TIKHON,PUGH,40,M
30,ROSIE,ARAGON,17,F
31,ESTELA,HENDRIX,79,F
32,ELTON,PRINCE,28,M
33,JOSIE,SELLERS,39,F
34,HERSCHEL,NUNLEE,22,M
35,MITCHELL,BREWSTER,84,M
36,EMILE,SCHAFER,81,M
37,LAURA,YBARRA,56,F
38,LORRAINE,PATTEN,52,F
39,TAMIKA,LARA,4,F
40,MADISON,DREW,31,F
41,DOMINIC,VILLEGAS,60,M
42,MINH,MAI,42,M
43,JASPER,LAIRD,59,M
44,CESAR,CRANDALL,1,M
45,YESENIA,SKAGGS,21,F
46,MARYJANE,ONEAL,7,F
47,IRA,HAROLDSON,31,F
48,JORGE,DRESCHER,32,M
49,JIMMIE,HAHN,70,F
50,KATHERINE,DUFF,53,F
51,JAE,SHEPARD,72,M
52,KENNA,BOND,37,F
53,DEAN,SAWCHUK,41,M
54,ASIA,GIFFORD,70,F
55,CASSIDY,RAMINEZ,73,F
56,JACOB,CALDERON,37,M
57,SHAINA,SPENCE,22,F
58,GEORGE,ALONSO,12,M
59,ALEXANDER,MOLINA,10,M
60,ELSA,CURRY,14,F
61,DUNCAN,KENYON,54,M
62,SUE,FELDER,56,F
63,CECILE,ROWLAND,3,F
64,JARVIS,CAMPOS,3,M
65,SERGIO,GRIMES,48,M
66,HIRAM,RODENBERGER,16,M
67,PHILIP,MILES,68,M
68,SAM,TORRES,80,M
69,TESSA,THOMAS,47,F
70,MARTHA,LE,5,F
71,GWEN,PAGAN,65,F
72,ADELIA,HUTCHISON,31,F
73,BENNIE,CASTLE,44,M
74,LON,LAMB,81,M
75,CLAUDE,WOLFF,44,M
76,GERALD,LIMMEL,64,M
77,ESMERALDA,LUNSFORD,23,F
78,SALVADOR,JOHNS,66,M
79,NEWTON,KEARNS,64,M
80,CONCEPCION,SHULER,78,F
81,CESAR,GRANGER,3,M
82,CHRISSY,REID,3,F
83,SUZIE,PRESCOTT,26,F
84,JOSEPHINE,HUNN,62,F
85,GOLDA,SINGLETARY,28,F
86,TOBY,RAINEY,56,M
87,CLAYTON,PASKIN,46,M
88,ARIEL,DELEON,27,M
89,MILDRED,BITSUIE,20,F
90,JOSE,WALL,42,M
91,HALEY,ALBRECHT,67,F
92,REBECA,ALFORD,84,F
93,FORREST,WATERMAN,18,M
94,TRISTAN,GABRIEL,48,M
95,LESLIE,PLUMER,34,M
96,HOWARD,REEVES,44,M
97,ISABELLA,HADSELL,14,F
98,IAN,GALLARDO,11,M
99,CHANG,THOMAS,83,M
100,TESSIE,JOYCE,63,F
101,KARLA,WELSH,62,F
102,VALERIA,LUKASIK,28,F
103,JASMIN,GUZMAN,7,F
104,KAYLA,GRIFFIN,40,F
105,AUDRY,PEREZ,51,F
106,RODGER,PARIS,2,M
107,LEONARD,AVERY,17,M
108,YOUNG,SWIFT,39,M
109,JOELLE,HATHAWAY,70,F
110,LASHANDA,OWEN,14,F
111,ROSALINE,SHAVER,77,F
112,STACY,SELLERS,58,F
113,MARLA,MEJIA,61,F
114,BENJAMIN,DOTSON,25,M
115,EVAN,JEWELL,18,M
116,MARKUS,METZ,9,M
117,JANELL,SPANGLER,49,F
118,GEOFFREY,CHAPMAN,51,M
119,LINCOLN,CHAMPAGNE,43,M
120,WILLIAM,BARTH,72,F
121,PHIL,MCCAIN,41,M
122,REYES,SAWYER,87,M
123,NOLAN,CONNELLY,84,M
124,OTIS,ESPOSITO,14,M
125,TANISHA,LIM,6,F
126,DOUG,KEITH,64,M
127,OREN,NUGENT,41,M
128,ROBIN,LEYVA,1,M
129,DONALD,BRYSON,84,M
130,EDIE,WALTERS,45,F
131,HUI,LADD,47,F
132,VERONICA,ENNIS,60,F
133,KRISTAN,JACQUES,59,F
134,GREIG,BYRNE,24,M
135,MARION,CASON,52,M
136,MIKEL,MONTERRUBIO,44,M
137,CARLTON,CHAMPION,4,M
138,OPAL,LEWIS,8,F
139,MARYLOU,MIXON,53,F
140,DELILAH,LANCASTER,3,F
141,HUGO,AIKEN,52,M
142,MORTON,MELVIN,1,M
143,LANCE,LAYOUS,82,M
144,PETER,HAMPTON,1,M
145,MAYSUN,CROCKER,67,F
146,VICENTA,HORN,44,F
147,PAULINE,LANDERS,12,F
148,WARNER,HAUENSTEIN,53,M
149,CORAZON,OGDEN,79,F
150,THEODORE,KING,20,M
151,BRAIN,BURROWS,18,M
152,LOUISE,MACIAS,46,F
153,ERNESTINE,QUARLES,49,F
154,KEITH,TEMPLE,72,M
155,DUANE,KALAFATIS,80,M
156,HELENE,MALDONADO,35,F
157,JACLYN,RING,85,F
158,LEROY,MCMILLAN,85,M
159,ANDREAS,BEATY,60,M
160,GARRY,FOLEY,74,M
161,JO,LIETZ,24,F
162,SANTO,BOYKIN,26,M
163,JEFFERSON,GLOVER,3,M
164,ALETA,BURNS,69,F
165,LEANN,LONG,61,F
166,ROSA,LOPES,63,F
167,REBEKAH,WILLIAM,23,F
168,JUDIE,QUINTANA,29,F
169,CARON,HODGES,64,F
170,JORGE,ZAPATA,33,M
171,ANGUS,HARRISON,89,M
172,MILDRED,ROJAS,88,F
173,YOSHIKO,RIVERS,88,F
174,KENNA,CERVANTES,76,F
175,KATIE,MCNEAL,87,F
176,HARRIETT,PRITCHETT,42,F
177,NEIL,WHALEN,72,M
178,KELLY,DRESCHER,2,M
179,REED,BOYER,46,M
180,MASON,VICKERS,43,M
181,ALLISON,DALY,64,F
182,DELMAR,HENSLEY,74,M
183,MICHEAL,BEAL,8,M
184,HOLLI,GIFFORD,73,F
185,JORDAN,ROARK,81,M
186,RUBY,WILSON,36,F
187,AIMEE,THURSTON,53,F
188,ALAN,ALONSO,29,M
189,ELLIS,ROCKWELL,56,M
190,STEVIE,VOSS,34,M
191,RICKIE,HERRINGTON,52,M
192,BILLIE,CHEEK,7,F
193,YASMIN,BLANK,62,F
194,LATANYA,HEBERT,67,F
195,MAGDALENE,OVERSTREET,16,F
196,ALEXANDRIA,BILDEN,10,F
197,ANDRES,PONTORIERO,73,M
198,CURTIS,CALVERT,54,M
199,CHARLETTE,ALBARES,77,F
200,JAMIE,LE,31,M
201,MARIBETH,HOLDEN,56,F
202,BRENDAN,PONDER,12,M
203,MATTIE,JULIA,81,F
204,TRUDY,GILL,26,F
205,BUSHR,FERENCZ,1,M
206,CORA,GOODSON,13,F
207,RHODA,MCFADDEN,54,F
208,AGUSTIN,WINTERS,3,M
209,DORTHY,MCCALL,52,F
210,DAREN,MCNEASE,45,M
211,RAFAEL,HAMMOND,82,M
212,CARLOS,OAKES,15,M
213,ROBERT,FREEMAN,49,F
214,VALERIE,BERNIER,5,F
215,CRISTAL,BRADSHAW,70,F
216,GEORGE,COLBERT,79,M
217,EDMUND,SIMON,24,M
218,TYREE,KONOPACKI,59,M
219,JARROD,NICHOLS,2,M
220,PABLO,OUELLETTE,79,M
221,CHRISTEL,ELLISON,53,F
222,LATRICE,TRAVIS,48,F
223,STANLEY,ALBRIGHT,62,M
224,MARCELO,GRUBBS,32,M
225,RAYMOND,LANE,87,M
226,SALVADOR,MARNEY,46,M
227,DEE,PRATHER,33,F
228,SETH,TANG,6,M
229,MYRNA,SHIPP,83,F
230,BENJAMIN,CLINE,58,M
231,EVAN,PEASE,88,M
232,BERTRAM,BUZICK,27,M
233,LAWERENCE,CLONEY,73,M
234,HANNAH,PHILLIPS,82,F
235,KARINA,GAMA,87,F
236,MARIANNA,ALMEIDA,59,F
237,LOYD,MCFADDEN,37,M
238,ALDEN,ROWLEY,79,M
239,OLIVER,GENTRY,29,M
240,JONAS,LOGAN,7,M
241,NANCY,FLOWERS,30,F
242,DEWAYNE,BRIDEAU,40,M
243,BAHIR,FREEMAN,2,M
244,UNA,DECKER,73,F
245,DIXIE,BARTLETT,66,F
246,ROWENA,SUAREZ,37,F
247,FORREST,GOODE,87,M
248,SANTIAGO,CHAPMAN,1,M
249,MILLICENT,NICHOLS,25,F
250,CLARK,ENSEY,15,M
251,FRANK,TRUJILLO,17,M
252,MA'RUF,AMES,47,M
253,SUNNY,ALBRIGHT,4,F
254,THAD,BAXTER,29,M
255,EDMUND,NADEAU,84,M
256,SHAWN,BELLAMY,38,F
257,NIALL,RANSOM,71,M
258,LUCILA,HARRIS,48,F
259,AUDRY,SHIPP,10,F
260,CELINA,KANG,60,F
261,JOY,THACKER,49,F
262,TIMMY,BALL,70,M
263,REFUGIO,HUYNH,64,M
264,KERRIE,RAGSDALE,78,F
265,WINNIE,BRANNON,14,F
266,TINA,BARRY,24,F
267,MYRNA,UNGER,43,F
268,DEANNE,LARA,62,F
269,VERNON,LACE,40,M
270,CURT,VALLE,75,M
271,FANNY,KOLMETZ,79,F
272,TERRENCE,STEVENS,69,M
273,NIKKI,DURBIN,62,F
274,ALPHONSE,SIZEMORE,51,M
275,OWEN,DALLEN,86,M
276,BONITA,SCHWARTZ,10,F
277,WILLIAMS,UYETAKE,26,M
278,KENDRA,DRIVER,17,F
279,HAILEY,DALE,46,F
280,JACOB,HURST,9,M
281,MARTY,PACE,70,F
282,BARNEY,BRELAND,25,M
283,TREVOR,FLOYD,38,M
284,SUSIE,FOX,43,F
285,SEBASTIAN,WOOTEN,79,M
286,CHRISTINA,CROFT,17,F
287,MARTA,WEEKS,69,F
288,MOHAMMAD,HOLLINGSWORTH,55,M
289,MARION,KLEIN,26,M
290,ROYCE,SARBACHER,50,M
291,CARLTON,BRYSON,40,M
292,FELTON,MARION,8,M
293,NEVA,KRUSE,54,F
294,ALICIA,MCKAY,21,F
295,IRIS,LILLY,43,F
296,DARCIE,HASKINS,78,F
297,DANE,KEEN,6,M
298,DOMINGO,SEIBERT,5,M
299,LILIA,CHAMPION,33,F
300,ANTONIO,STEARNS,85,M
301,JANINE,MIXON,70,F
302,THERON,NEELY,20,M
303,LORENZO,SCHELL,19,M
304,GERARD,HERRITT,73,M
305,STERLING,LAYOUS,28,M
306,DELIA,TOBIN,76,F
307,JAMES,BUTT,34,F
308,ALBERT,SLADE,52,M
309,JAIME,KEATING,69,M
310,MITCHELL,IRVIN,16,M
311,STEVE,ESCHBERGER,36,M
312,CHAS,MUNNS,18,M
313,RUFINA,FIGEROA,87,F
314,CHARLOTTE,LUDWIG,22,F
315,JOSIE,TYSON,80,F
316,GENA,LIVINGSTON,55,F
317,RICKEY,LOWERY,41,M
318,ARIELLE,LAPAGE,8,F
319,BERTHA,SWANSON,10,F
320,ARMANDO,BARBOSA,49,M
321,TAMIKA,HENDRIX,15,F
